
{
  "meta": {
    "expectation_suite_name": "ally_branch.default",
    "run_id": "20250901_US"
  },
  "statistics": {
    "evaluated_expectations": 4,
    "successful_expectations": 3,
    "unsuccessful_expectations": 1,
    "success_percent": 75
  },
  "results": [
    {
      "expectation_type": "expect_table_row_count_to_be_between",
      "success": true,
      "observed_value": 1200,
      "kwargs": { "min_value": 1000, "max_value": 2000 }
    },
    {
      "expectation_type": "expect_column_values_to_be_of_type",
      "success": true,
      "column": "column0",
      "observed_value": "string"
    },
    {
      "expectation_type": "expect_column_values_to_be_in_set",
      "success": false,
      "column": "column1",
      "observed_value": [ "US", "CA", "MX" ],
      "kwargs": { "value_set": ["US"] }
    },
    {
      "expectation_type": "expect_column_values_to_be_less_than",
      "success": true,
      "column": "column2",
      "kwargs": { "value": 1000 }
    }
  ]
}
